Symbol,Earnings Date,Day of Week
AAPL,2026-10-29,Thursday
AAPL,2026-07-30,Thursday
AAPL,2026-04-30,Thursday
AAPL,2026-01-29,Thursday
AAPL,2025-10-30,Thursday
AAPL,2025-07-31,Thursday
AAPL,2025-05-01,Thursday
AAPL,2025-01-30,Thursday
AAPL,2024-10-31,Thursday
AAPL,2024-08-01,Thursday
AAPL,2024-05-02,Thursday
AAPL,2024-02-01,Thursday
AAPL,2023-11-02,Thursday
AAPL,2023-08-03,Thursday
AAPL,2023-05-04,Thursday
AAPL,2023-02-02,Thursday
AAPL,2022-10-27,Thursday
AAPL,2022-07-28,Thursday
AAPL,2022-04-28,Thursday
AAPL,2022-01-27,Thursday
AAPL,2021-10-28,Thursday
AAPL,2021-07-27,Tuesday
AAPL,2021-04-28,Wednesday
AAPL,2021-01-27,Wednesday
ADSK,2026-11-23,Monday
ADSK,2026-08-24,Monday
ADSK,2026-05-26,Tuesday
ADSK,2026-02-23,Monday
ADSK,2025-11-25,Tuesday
ADSK,2025-08-28,Thursday
ADSK,2025-05-22,Thursday
ADSK,2025-02-27,Thursday
ADSK,2024-11-26,Tuesday
ADSK,2024-08-29,Thursday
ADSK,2024-06-10,Monday
ADSK,2024-02-29,Thursday
ADSK,2023-11-21,Tuesday
ADSK,2023-08-23,Wednesday
ADSK,2023-05-25,Thursday
ADSK,2023-02-23,Thursday
ADSK,2022-11-22,Tuesday
ADSK,2022-08-24,Wednesday
ADSK,2022-05-26,Thursday
ADSK,2022-02-24,Thursday
ADSK,2021-11-23,Tuesday
ADSK,2021-08-25,Wednesday
ADSK,2021-05-27,Thursday
ADSK,2021-02-25,Thursday
AMD,2026-11-03,Tuesday
AMD,2026-08-04,Tuesday
AMD,2026-05-05,Tuesday
AMD,2026-02-03,Tuesday
AMD,2025-11-04,Tuesday
AMD,2025-08-05,Tuesday
AMD,2025-05-06,Tuesday
AMD,2025-02-04,Tuesday
AMD,2024-10-29,Tuesday
AMD,2024-07-30,Tuesday
AMD,2024-04-30,Tuesday
AMD,2024-01-30,Tuesday
AMD,2023-10-31,Tuesday
AMD,2023-08-01,Tuesday
AMD,2023-05-02,Tuesday
AMD,2023-01-31,Tuesday
AMD,2022-11-01,Tuesday
AMD,2022-08-02,Tuesday
AMD,2022-05-03,Tuesday
AMD,2022-02-01,Tuesday
AMD,2021-10-26,Tuesday
AMD,2021-07-27,Tuesday
AMD,2021-04-27,Tuesday
AMD,2021-01-26,Tuesday
AMZN,2026-10-27,Tuesday
AMZN,2026-07-29,Wednesday
AMZN,2026-04-30,Thursday
AMZN,2026-01-29,Thursday
AMZN,2025-10-30,Thursday
AMZN,2025-07-31,Thursday
AMZN,2025-05-01,Thursday
AMZN,2025-02-06,Thursday
AMZN,2024-10-31,Thursday
AMZN,2024-08-01,Thursday
AMZN,2024-04-30,Tuesday
AMZN,2024-02-01,Thursday
AMZN,2023-10-26,Thursday
AMZN,2023-08-03,Thursday
AMZN,2023-04-27,Thursday
AMZN,2023-02-02,Thursday
AMZN,2022-10-27,Thursday
AMZN,2022-07-28,Thursday
AMZN,2022-04-28,Thursday
AMZN,2022-02-03,Thursday
AMZN,2021-10-28,Thursday
AMZN,2021-07-29,Thursday
AMZN,2021-04-29,Thursday
AMZN,2021-02-02,Tuesday
ANET,2026-11-02,Monday
ANET,2026-08-04,Tuesday
ANET,2026-05-06,Wednesday
ANET,2026-02-02,Monday
ANET,2025-11-04,Tuesday
ANET,2025-08-05,Tuesday
ANET,2025-05-06,Tuesday
ANET,2025-02-18,Tuesday
ANET,2024-11-07,Thursday
ANET,2024-07-30,Tuesday
ANET,2024-05-07,Tuesday
ANET,2024-02-12,Monday
ANET,2023-10-30,Monday
ANET,2023-07-31,Monday
ANET,2023-05-01,Monday
ANET,2023-02-13,Monday
ANET,2022-10-31,Monday
ANET,2022-08-01,Monday
ANET,2022-05-02,Monday
ANET,2022-02-14,Monday
ANET,2021-11-01,Monday
ANET,2021-08-02,Monday
ANET,2021-05-04,Tuesday
ANET,2021-02-18,Thursday
APH,2026-10-21,Wednesday
APH,2026-07-22,Wednesday
APH,2026-04-22,Wednesday
APH,2026-01-21,Wednesday
APH,2025-10-22,Wednesday
APH,2025-07-23,Wednesday
APH,2025-04-23,Wednesday
APH,2025-01-22,Wednesday
APH,2024-10-23,Wednesday
APH,2024-07-24,Wednesday
APH,2024-04-24,Wednesday
APH,2024-01-24,Wednesday
APH,2023-10-25,Wednesday
APH,2023-07-26,Wednesday
APH,2023-04-26,Wednesday
APH,2023-01-25,Wednesday
APH,2022-10-26,Wednesday
APH,2022-07-27,Wednesday
APH,2022-04-27,Wednesday
APH,2022-01-26,Wednesday
APH,2021-10-27,Wednesday
APH,2021-07-28,Wednesday
APH,2021-04-28,Wednesday
APH,2021-01-27,Wednesday
APP,2026-11-04,Wednesday
APP,2026-08-05,Wednesday
APP,2026-05-07,Thursday
APP,2026-02-04,Wednesday
APP,2025-11-05,Wednesday
APP,2025-08-06,Wednesday
APP,2025-05-07,Wednesday
APP,2025-02-12,Wednesday
APP,2024-11-06,Wednesday
APP,2024-08-07,Wednesday
APP,2024-05-08,Wednesday
APP,2024-02-14,Wednesday
APP,2023-11-08,Wednesday
APP,2023-08-09,Wednesday
APP,2023-05-10,Wednesday
APP,2023-02-08,Wednesday
APP,2022-11-09,Wednesday
APP,2022-08-10,Wednesday
APP,2022-05-11,Wednesday
APP,2022-02-16,Wednesday
APP,2021-11-10,Wednesday
APP,2021-08-11,Wednesday
APP,2021-05-12,Wednesday
ARM,2026-11-02,Monday
ARM,2026-08-05,Wednesday
ARM,2026-05-07,Thursday
ARM,2026-02-06,Friday
ARM,2025-11-05,Wednesday
ARM,2025-07-30,Wednesday
ARM,2025-05-07,Wednesday
ARM,2025-02-05,Wednesday
ARM,2024-11-06,Wednesday
ARM,2024-07-31,Wednesday
ARM,2024-05-08,Wednesday
ARM,2024-02-07,Wednesday
ARM,2023-11-09,Thursday
ASML,2026-10-14,Wednesday
ASML,2026-07-15,Wednesday
ASML,2026-04-16,Thursday
ASML,2026-01-14,Wednesday
ASML,2025-10-15,Wednesday
ASML,2025-07-16,Wednesday
ASML,2025-04-16,Wednesday
ASML,2025-01-29,Wednesday
ASML,2024-10-15,Tuesday
ASML,2024-07-17,Wednesday
ASML,2024-04-17,Wednesday
ASML,2024-01-24,Wednesday
ASML,2023-10-18,Wednesday
ASML,2023-07-19,Wednesday
ASML,2023-04-19,Wednesday
ASML,2023-01-25,Wednesday
ASML,2022-10-19,Wednesday
ASML,2022-07-20,Wednesday
ASML,2022-04-20,Wednesday
ASML,2022-01-19,Wednesday
ASML,2021-10-20,Wednesday
ASML,2021-07-21,Wednesday
ASML,2021-04-21,Wednesday
ASML,2021-01-20,Wednesday
AVGO,2026-12-09,Wednesday
AVGO,2026-09-09,Wednesday
AVGO,2026-06-10,Wednesday
AVGO,2026-03-12,Thursday
AVGO,2025-12-11,Thursday
AVGO,2025-09-04,Thursday
AVGO,2025-06-05,Thursday
AVGO,2025-03-06,Thursday
AVGO,2024-12-12,Thursday
AVGO,2024-09-05,Thursday
AVGO,2024-06-12,Wednesday
AVGO,2024-03-07,Thursday
AVGO,2023-12-07,Thursday
AVGO,2023-08-31,Thursday
AVGO,2023-06-01,Thursday
AVGO,2023-03-02,Thursday
AVGO,2022-12-08,Thursday
AVGO,2022-09-01,Thursday
AVGO,2022-05-26,Thursday
AVGO,2022-03-03,Thursday
AVGO,2021-12-09,Thursday
AVGO,2021-09-02,Thursday
AVGO,2021-06-03,Thursday
AVGO,2021-03-04,Thursday
AXON,2026-11-03,Tuesday
AXON,2026-08-04,Tuesday
AXON,2026-05-05,Tuesday
AXON,2026-02-03,Tuesday
AXON,2025-11-04,Tuesday
AXON,2025-08-04,Monday
AXON,2025-05-07,Wednesday
AXON,2025-02-25,Tuesday
AXON,2024-11-07,Thursday
AXON,2024-08-06,Tuesday
AXON,2024-05-06,Monday
AXON,2024-02-27,Tuesday
AXON,2023-11-07,Tuesday
AXON,2023-08-08,Tuesday
AXON,2023-05-09,Tuesday
AXON,2023-02-28,Tuesday
AXON,2022-11-08,Tuesday
AXON,2022-08-09,Tuesday
AXON,2022-05-10,Tuesday
AXON,2022-02-24,Thursday
AXON,2021-11-15,Monday
AXON,2021-08-05,Thursday
AXON,2021-05-06,Thursday
AXON,2021-02-25,Thursday
BAC,2026-10-12,Monday
BAC,2026-07-13,Monday
BAC,2026-04-14,Tuesday
BAC,2026-01-14,Wednesday
BAC,2025-10-15,Wednesday
BAC,2025-07-16,Wednesday
BAC,2025-04-15,Tuesday
BAC,2025-01-16,Thursday
BAC,2024-10-15,Tuesday
BAC,2024-07-16,Tuesday
BAC,2024-04-16,Tuesday
BAC,2024-01-12,Friday
BAC,2023-10-17,Tuesday
BAC,2023-07-18,Tuesday
BAC,2023-04-18,Tuesday
BAC,2023-01-13,Friday
BAC,2022-10-17,Monday
BAC,2022-07-18,Monday
BAC,2022-04-18,Monday
BAC,2022-01-19,Wednesday
BAC,2021-10-14,Thursday
BAC,2021-07-14,Wednesday
BAC,2021-04-15,Thursday
BAC,2021-01-19,Tuesday
BIIB,2026-10-26,Monday
BIIB,2026-07-27,Monday
BIIB,2026-04-28,Tuesday
BIIB,2026-01-28,Wednesday
BIIB,2025-10-30,Thursday
BIIB,2025-07-31,Thursday
BIIB,2025-05-01,Thursday
BIIB,2025-02-12,Wednesday
BIIB,2024-10-30,Wednesday
BIIB,2024-08-01,Thursday
BIIB,2024-04-24,Wednesday
BIIB,2024-02-13,Tuesday
BIIB,2023-11-08,Wednesday
BIIB,2023-07-25,Tuesday
BIIB,2023-04-25,Tuesday
BIIB,2023-02-15,Wednesday
BIIB,2022-10-25,Tuesday
BIIB,2022-07-20,Wednesday
BIIB,2022-05-03,Tuesday
BIIB,2022-02-03,Thursday
BIIB,2021-10-20,Wednesday
BIIB,2021-07-22,Thursday
BIIB,2021-04-22,Thursday
BIIB,2021-02-03,Wednesday
BLK,2026-10-13,Tuesday
BLK,2026-07-14,Tuesday
BLK,2026-04-14,Tuesday
BLK,2026-01-13,Tuesday
BLK,2025-10-14,Tuesday
BLK,2025-07-15,Tuesday
BLK,2025-04-11,Friday
BLK,2025-01-15,Wednesday
BLK,2024-10-11,Friday
BLK,2024-07-15,Monday
BLK,2024-04-12,Friday
BLK,2024-01-12,Friday
BLK,2023-10-13,Friday
BLK,2023-07-14,Friday
BLK,2023-04-14,Friday
BLK,2023-01-13,Friday
BLK,2022-10-13,Thursday
BLK,2022-07-15,Friday
CBRE,2026-10-29,Thursday
CBRE,2026-07-30,Thursday
CBRE,2026-05-04,Monday
CBRE,2026-01-21,Wednesday
CBRE,2025-10-23,Thursday
CBRE,2025-07-29,Tuesday
CBRE,2025-04-24,Thursday
CBRE,2025-02-13,Thursday
CBRE,2024-10-24,Thursday
CBRE,2024-07-25,Thursday
CBRE,2024-05-03,Friday
CBRE,2024-02-15,Thursday
CBRE,2023-10-27,Friday
CBRE,2023-07-27,Thursday
CBRE,2023-04-27,Thursday
CBRE,2023-02-23,Thursday
CBRE,2022-10-27,Thursday
CBRE,2022-08-04,Thursday
CBRE,2022-05-05,Thursday
CBRE,2022-02-24,Thursday
CBRE,2021-10-28,Thursday
CBRE,2021-07-29,Thursday
CBRE,2021-04-29,Thursday
CBRE,2021-02-23,Tuesday
CDNS,2026-11-09,Monday
CDNS,2026-08-10,Monday
CDNS,2026-05-08,Friday
CDNS,2026-01-26,Monday
CDNS,2025-10-27,Monday
CDNS,2025-07-28,Monday
CDNS,2025-04-28,Monday
CDNS,2025-02-18,Tuesday
CDNS,2024-10-28,Monday
CDNS,2024-07-22,Monday
CDNS,2024-04-22,Monday
CDNS,2024-02-12,Monday
CDNS,2023-10-23,Monday
CDNS,2023-07-24,Monday
CDNS,2023-04-24,Monday
CDNS,2023-02-13,Monday
CDNS,2022-10-24,Monday
CDNS,2022-07-25,Monday
CDNS,2022-04-25,Monday
CDNS,2022-02-22,Tuesday
CDNS,2021-10-25,Monday
CDNS,2021-07-26,Monday
CDNS,2021-04-26,Monday
CDNS,2021-02-22,Monday
CDW,2026-11-06,Friday
CDW,2026-08-07,Friday
CDW,2026-05-08,Friday
CDW,2026-02-02,Monday
CDW,2025-11-04,Tuesday
CDW,2025-08-06,Wednesday
CDW,2025-05-07,Wednesday
CDW,2025-02-05,Wednesday
CDW,2024-10-30,Wednesday
CDW,2024-07-31,Wednesday
CDW,2024-05-01,Wednesday
CDW,2024-02-07,Wednesday
CDW,2023-11-01,Wednesday
CDW,2023-08-02,Wednesday
CDW,2023-05-03,Wednesday
CDW,2023-02-08,Wednesday
CDW,2022-11-02,Wednesday
CDW,2022-08-03,Wednesday
CDW,2022-05-04,Wednesday
CDW,2022-02-09,Wednesday
CDW,2021-11-03,Wednesday
CDW,2021-08-04,Wednesday
CDW,2021-05-05,Wednesday
CDW,2021-02-10,Wednesday
COF,2026-10-19,Monday
COF,2026-07-20,Monday
COF,2026-04-20,Monday
COF,2026-01-20,Tuesday
COF,2025-10-21,Tuesday
COF,2025-07-22,Tuesday
COF,2025-04-22,Tuesday
COF,2025-01-21,Tuesday
COF,2024-10-24,Thursday
COF,2024-07-23,Tuesday
COF,2024-04-25,Thursday
COF,2024-01-25,Thursday
COF,2023-10-26,Thursday
COF,2023-07-20,Thursday
COF,2023-04-27,Thursday
COF,2023-01-24,Tuesday
COF,2022-10-27,Thursday
COF,2022-07-21,Thursday
COF,2022-04-26,Tuesday
COF,2022-01-25,Tuesday
COF,2021-10-26,Tuesday
COF,2021-07-22,Thursday
COF,2021-04-27,Tuesday
COF,2021-01-26,Tuesday
COIN,2026-11-02,Monday
COIN,2026-08-04,Tuesday
COIN,2026-05-08,Friday
COIN,2026-01-28,Wednesday
COIN,2025-10-30,Thursday
COIN,2025-07-31,Thursday
COIN,2025-05-08,Thursday
COIN,2025-02-13,Thursday
COIN,2024-10-30,Wednesday
COIN,2024-08-01,Thursday
COIN,2024-05-02,Thursday
COIN,2024-02-15,Thursday
COIN,2023-11-02,Thursday
COIN,2023-08-03,Thursday
COIN,2023-05-04,Thursday
COIN,2023-02-21,Tuesday
COIN,2022-11-03,Thursday
COIN,2022-08-09,Tuesday
COIN,2022-05-10,Tuesday
COIN,2022-02-24,Thursday
COIN,2021-11-09,Tuesday
COIN,2021-08-10,Tuesday
COIN,2021-05-13,Thursday
CRWD,2026-11-30,Monday
CRWD,2026-09-01,Tuesday
CRWD,2026-06-03,Wednesday
CRWD,2026-03-03,Tuesday
CRWD,2025-12-02,Tuesday
CRWD,2025-08-27,Wednesday
CRWD,2025-06-03,Tuesday
CRWD,2025-03-04,Tuesday
CRWD,2024-11-26,Tuesday
CRWD,2024-08-28,Wednesday
CRWD,2024-06-04,Tuesday
CRWD,2024-03-05,Tuesday
CRWD,2023-11-28,Tuesday
CRWD,2023-08-30,Wednesday
CRWD,2023-05-31,Wednesday
CRWD,2023-03-07,Tuesday
CRWD,2022-11-29,Tuesday
CRWD,2022-08-30,Tuesday
CRWD,2022-06-02,Thursday
CRWD,2022-03-09,Wednesday
CRWD,2021-12-01,Wednesday
CRWD,2021-08-31,Tuesday
CRWD,2021-06-03,Thursday
CRWD,2021-03-16,Tuesday
CRWV,2026-11-09,Monday
CRWV,2026-08-10,Monday
CRWV,2026-05-11,Monday
CRWV,2026-02-09,Monday
CRWV,2025-11-10,Monday
CRWV,2025-08-12,Tuesday
CRWV,2025-05-14,Wednesday
CSGP,2026-11-12,Thursday
CSGP,2026-08-14,Friday
CSGP,2026-05-14,Thursday
CSGP,2026-01-27,Tuesday
CSGP,2025-10-28,Tuesday
CSGP,2025-07-22,Tuesday
CSGP,2025-04-29,Tuesday
CSGP,2025-02-18,Tuesday
CSGP,2024-10-22,Tuesday
CSGP,2024-07-23,Tuesday
CSGP,2024-04-22,Monday
CSGP,2024-02-20,Tuesday
CSGP,2023-10-24,Tuesday
CSGP,2023-07-25,Tuesday
CSGP,2023-04-25,Tuesday
CSGP,2023-02-21,Tuesday
CSGP,2022-10-25,Tuesday
CSGP,2022-07-26,Tuesday
CSGP,2022-04-26,Tuesday
CSGP,2022-02-22,Tuesday
CSGP,2021-10-26,Tuesday
CSGP,2021-07-27,Tuesday
CSGP,2021-04-27,Tuesday
CSGP,2021-02-23,Tuesday
CTSH,2026-10-27,Tuesday
CTSH,2026-07-29,Wednesday
CTSH,2026-04-29,Wednesday
CTSH,2026-01-28,Wednesday
CTSH,2025-10-29,Wednesday
CTSH,2025-07-30,Wednesday
CTSH,2025-04-30,Wednesday
CTSH,2025-02-05,Wednesday
CTSH,2024-10-30,Wednesday
CTSH,2024-07-31,Wednesday
CTSH,2024-05-01,Wednesday
CTSH,2024-02-06,Tuesday
CTSH,2023-11-01,Wednesday
CTSH,2023-08-02,Wednesday
CTSH,2023-05-03,Wednesday
CTSH,2023-02-02,Thursday
CTSH,2022-11-02,Wednesday
CTSH,2022-07-27,Wednesday
CTSH,2022-05-04,Wednesday
CTSH,2022-02-02,Wednesday
CTSH,2021-10-27,Wednesday
CTSH,2021-07-28,Wednesday
CTSH,2021-05-05,Wednesday
CTSH,2021-02-03,Wednesday
CVLT,2026-10-27,Tuesday
CVLT,2026-07-28,Tuesday
CVLT,2026-04-28,Tuesday
CVLT,2026-01-27,Tuesday
CVLT,2025-10-28,Tuesday
CVLT,2025-07-29,Tuesday
CVLT,2025-04-29,Tuesday
CVLT,2025-01-28,Tuesday
CVLT,2024-10-29,Tuesday
CVLT,2024-07-30,Tuesday
CVLT,2024-04-30,Tuesday
CVLT,2024-01-30,Tuesday
CVLT,2023-10-31,Tuesday
CVLT,2023-08-01,Tuesday
CVLT,2023-05-02,Tuesday
CVLT,2023-01-31,Tuesday
CVLT,2022-11-01,Tuesday
CVLT,2022-07-26,Tuesday
CVLT,2022-05-03,Tuesday
CVLT,2022-01-25,Tuesday
CVLT,2021-10-26,Tuesday
CVLT,2021-07-27,Tuesday
CVLT,2021-05-04,Tuesday
CVLT,2021-01-27,Wednesday
DASH,2026-11-05,Thursday
DASH,2026-08-07,Friday
DASH,2026-05-08,Friday
DASH,2026-02-02,Monday
DASH,2025-11-05,Wednesday
DASH,2025-08-06,Wednesday
DASH,2025-05-06,Tuesday
DASH,2025-02-11,Tuesday
DASH,2024-10-30,Wednesday
DASH,2024-08-01,Thursday
DASH,2024-05-01,Wednesday
DASH,2024-02-15,Thursday
DASH,2023-11-01,Wednesday
DASH,2023-08-02,Wednesday
DASH,2023-05-04,Thursday
DASH,2023-02-16,Thursday
DASH,2022-11-03,Thursday
DASH,2022-08-04,Thursday
DASH,2022-05-06,Friday
DASH,2022-02-16,Wednesday
DASH,2021-11-09,Tuesday
DASH,2021-08-12,Thursday
DASH,2021-05-13,Thursday
DASH,2021-03-05,Friday
DDOG,2026-11-06,Friday
DDOG,2026-08-07,Friday
DDOG,2026-05-08,Friday
DDOG,2026-02-05,Thursday
DDOG,2025-11-06,Thursday
DDOG,2025-08-07,Thursday
DDOG,2025-05-06,Tuesday
DDOG,2025-02-13,Thursday
DDOG,2024-11-07,Thursday
DDOG,2024-08-08,Thursday
DDOG,2024-05-07,Tuesday
DDOG,2024-02-13,Tuesday
DDOG,2023-11-07,Tuesday
DDOG,2023-08-08,Tuesday
DDOG,2023-05-04,Thursday
DDOG,2023-02-16,Thursday
DDOG,2022-11-03,Thursday
DDOG,2022-08-04,Thursday
DDOG,2022-05-05,Thursday
DDOG,2022-02-10,Thursday
DDOG,2021-11-04,Thursday
DDOG,2021-08-05,Thursday
DDOG,2021-05-06,Thursday
DDOG,2021-02-11,Thursday
DXCM,2026-11-02,Monday
DXCM,2026-08-03,Monday
DXCM,2026-05-08,Friday
DXCM,2026-01-29,Thursday
DXCM,2025-10-30,Thursday
DXCM,2025-07-30,Wednesday
DXCM,2025-05-01,Thursday
DXCM,2025-02-13,Thursday
DXCM,2024-10-24,Thursday
DXCM,2024-07-25,Thursday
DXCM,2024-04-25,Thursday
DXCM,2024-02-08,Thursday
DXCM,2023-10-26,Thursday
DXCM,2023-07-27,Thursday
DXCM,2023-04-27,Thursday
DXCM,2023-02-09,Thursday
DXCM,2022-10-27,Thursday
DXCM,2022-07-28,Thursday
DXCM,2022-04-28,Thursday
DXCM,2022-02-10,Thursday
DXCM,2021-10-28,Thursday
DXCM,2021-07-29,Thursday
DXCM,2021-04-29,Thursday
DXCM,2021-02-11,Thursday
ELV,2026-10-19,Monday
ELV,2026-07-20,Monday
ELV,2026-04-20,Monday
ELV,2026-01-19,Monday
ELV,2025-10-21,Tuesday
ELV,2025-07-17,Thursday
ELV,2025-04-22,Tuesday
ELV,2025-01-23,Thursday
ELV,2024-10-17,Thursday
ELV,2024-07-17,Wednesday
ELV,2024-04-18,Thursday
ELV,2024-01-24,Wednesday
ELV,2023-10-18,Wednesday
ELV,2023-07-19,Wednesday
ELV,2023-04-19,Wednesday
ELV,2023-01-25,Wednesday
ELV,2022-10-19,Wednesday
ELV,2022-07-20,Wednesday
ELV,2022-04-20,Wednesday
ELV,2022-01-26,Wednesday
ELV,2021-10-20,Wednesday
ELV,2021-07-21,Wednesday
ELV,2021-04-21,Wednesday
ELV,2021-01-27,Wednesday
ENPH,2026-10-29,Thursday
ENPH,2026-07-30,Thursday
ENPH,2026-04-30,Thursday
ENPH,2026-01-27,Tuesday
ENPH,2025-10-28,Tuesday
ENPH,2025-07-22,Tuesday
ENPH,2025-04-22,Tuesday
ENPH,2025-02-04,Tuesday
ENPH,2024-10-22,Tuesday
ENPH,2024-07-23,Tuesday
ENPH,2024-04-23,Tuesday
ENPH,2024-02-06,Tuesday
ENPH,2023-10-26,Thursday
ENPH,2023-07-27,Thursday
ENPH,2023-04-25,Tuesday
ENPH,2023-02-07,Tuesday
ENPH,2022-10-25,Tuesday
ENPH,2022-07-26,Tuesday
ENPH,2022-04-26,Tuesday
ENPH,2022-02-08,Tuesday
ENPH,2021-10-26,Tuesday
ENPH,2021-07-27,Tuesday
ENPH,2021-04-27,Tuesday
ENPH,2021-02-09,Tuesday
EXAS,2026-11-09,Monday
EXAS,2026-08-11,Tuesday
EXAS,2026-05-08,Friday
EXAS,2026-02-02,Monday
EXAS,2025-11-03,Monday
EXAS,2025-08-06,Wednesday
EXAS,2025-05-01,Thursday
EXAS,2025-02-19,Wednesday
EXAS,2024-11-05,Tuesday
EXAS,2024-07-31,Wednesday
EXAS,2024-05-08,Wednesday
EXAS,2024-02-21,Wednesday
EXAS,2023-11-01,Wednesday
EXAS,2023-08-01,Tuesday
EXAS,2023-05-09,Tuesday
EXAS,2023-02-21,Tuesday
EXAS,2022-11-03,Thursday
EXAS,2022-08-02,Tuesday
EXAS,2022-04-26,Tuesday
EXAS,2022-02-22,Tuesday
EXAS,2021-11-02,Tuesday
EXAS,2021-07-28,Wednesday
EXAS,2021-05-04,Tuesday
EXAS,2021-02-16,Tuesday
FANG,2026-11-16,Monday
FANG,2026-08-17,Monday
FANG,2026-05-12,Tuesday
FANG,2026-02-02,Monday
FANG,2025-11-03,Monday
FANG,2025-08-04,Monday
FANG,2025-05-05,Monday
FANG,2025-02-24,Monday
FANG,2024-11-04,Monday
FANG,2024-08-05,Monday
FANG,2024-04-30,Tuesday
FANG,2024-02-20,Tuesday
FANG,2023-11-06,Monday
FANG,2023-07-31,Monday
FANG,2023-05-01,Monday
FANG,2023-02-21,Tuesday
FANG,2022-11-07,Monday
FANG,2022-08-01,Monday
FANG,2022-05-02,Monday
FANG,2022-02-22,Tuesday
FANG,2021-11-01,Monday
FANG,2021-08-02,Monday
FANG,2021-05-03,Monday
FANG,2021-02-22,Monday
FERG,2026-12-23,Wednesday
FERG,2026-09-17,Thursday
FERG,2026-06-15,Monday
FERG,2026-03-13,Friday
FERG,2025-12-09,Tuesday
FERG,2025-09-16,Tuesday
FERG,2025-06-03,Tuesday
FERG,2025-03-11,Tuesday
FERG,2024-12-10,Tuesday
FERG,2024-09-17,Tuesday
FERG,2024-06-04,Tuesday
FERG,2024-03-05,Tuesday
FERG,2023-12-05,Tuesday
FERG,2023-09-26,Tuesday
FERG,2023-06-06,Tuesday
FERG,2022-12-06,Tuesday
FERG,2022-09-27,Tuesday
FERG,2022-06-14,Tuesday
FERG,2022-03-15,Tuesday
FERG,2021-12-07,Tuesday
FLEX,2026-10-26,Monday
FLEX,2026-07-28,Tuesday
FLEX,2026-04-28,Tuesday
FLEX,2026-01-27,Tuesday
FLEX,2025-10-29,Wednesday
FLEX,2025-07-24,Thursday
FLEX,2025-05-07,Wednesday
FLEX,2025-01-29,Wednesday
FLEX,2024-10-30,Wednesday
FLEX,2024-07-24,Wednesday
FLEX,2024-05-01,Wednesday
FLEX,2024-01-31,Wednesday
FLEX,2023-10-25,Wednesday
FLEX,2023-07-26,Wednesday
FLEX,2023-05-10,Wednesday
FLEX,2023-01-25,Wednesday
FLEX,2022-10-26,Wednesday
FLEX,2022-07-27,Wednesday
FLEX,2022-05-04,Wednesday
FLEX,2022-01-26,Wednesday
FLEX,2021-10-27,Wednesday
FLEX,2021-07-29,Thursday
FLEX,2021-05-05,Wednesday
FLEX,2021-01-28,Thursday
FTNT,2026-11-03,Tuesday
FTNT,2026-08-04,Tuesday
FTNT,2026-05-05,Tuesday
FTNT,2026-02-04,Wednesday
FTNT,2025-11-05,Wednesday
FTNT,2025-08-06,Wednesday
FTNT,2025-05-07,Wednesday
FTNT,2025-02-06,Thursday
FTNT,2024-11-07,Thursday
FTNT,2024-08-06,Tuesday
FTNT,2024-05-02,Thursday
FTNT,2024-02-06,Tuesday
FTNT,2023-11-02,Thursday
FTNT,2023-08-03,Thursday
FTNT,2023-05-04,Thursday
FTNT,2023-02-07,Tuesday
FTNT,2022-11-02,Wednesday
FTNT,2022-08-03,Wednesday
FTNT,2022-05-04,Wednesday
FTNT,2022-02-03,Thursday
FTNT,2021-11-04,Thursday
FTNT,2021-07-29,Thursday
FTNT,2021-04-29,Thursday
FTNT,2021-02-04,Thursday
GLW,2026-10-28,Wednesday
GLW,2026-07-29,Wednesday
GLW,2026-04-29,Wednesday
GLW,2026-01-27,Tuesday
GLW,2025-10-28,Tuesday
GLW,2025-07-29,Tuesday
GLW,2025-04-29,Tuesday
GLW,2025-01-29,Wednesday
GLW,2024-10-29,Tuesday
GLW,2024-07-30,Tuesday
GLW,2024-04-30,Tuesday
GLW,2024-01-30,Tuesday
GLW,2023-10-24,Tuesday
GLW,2023-07-25,Tuesday
GLW,2023-04-25,Tuesday
GLW,2023-01-31,Tuesday
GLW,2022-10-25,Tuesday
GLW,2022-07-26,Tuesday
GLW,2022-04-26,Tuesday
GLW,2022-01-26,Wednesday
GLW,2021-10-26,Tuesday
GLW,2021-07-27,Tuesday
GLW,2021-04-27,Tuesday
GLW,2021-01-27,Wednesday
GOOGL,2026-10-22,Thursday
GOOGL,2026-07-24,Friday
GOOGL,2026-04-27,Monday
GOOGL,2026-01-27,Tuesday
GOOGL,2025-10-29,Wednesday
GOOGL,2025-07-23,Wednesday
GOOGL,2025-04-24,Thursday
GOOGL,2025-02-04,Tuesday
GOOGL,2024-10-29,Tuesday
GOOGL,2024-07-23,Tuesday
GOOGL,2024-04-25,Thursday
GOOGL,2024-01-30,Tuesday
GOOGL,2023-10-24,Tuesday
GOOGL,2023-07-25,Tuesday
GOOGL,2023-04-25,Tuesday
GOOGL,2023-02-02,Thursday
GOOGL,2022-10-25,Tuesday
GOOGL,2022-07-26,Tuesday
GOOGL,2022-04-26,Tuesday
GOOGL,2022-02-01,Tuesday
GOOGL,2021-10-26,Tuesday
GOOGL,2021-07-27,Tuesday
GOOGL,2021-04-27,Tuesday
GOOGL,2021-02-02,Tuesday
HIMS,2026-11-17,Tuesday
HIMS,2026-08-18,Tuesday
HIMS,2026-05-14,Thursday
HIMS,2026-02-02,Monday
HIMS,2025-11-03,Monday
HIMS,2025-08-04,Monday
HIMS,2025-05-05,Monday
HIMS,2025-02-24,Monday
HIMS,2024-11-04,Monday
HIMS,2024-08-05,Monday
HIMS,2024-05-06,Monday
HIMS,2024-02-26,Monday
HIMS,2023-11-06,Monday
HIMS,2023-08-07,Monday
HIMS,2023-05-08,Monday
HIMS,2023-02-27,Monday
HIMS,2022-11-07,Monday
HIMS,2022-08-08,Monday
HIMS,2022-05-09,Monday
HIMS,2022-02-22,Tuesday
HIMS,2021-11-10,Wednesday
HIMS,2021-08-11,Wednesday
HIMS,2021-05-17,Monday
HIMS,2021-03-18,Thursday
HOOD,2026-11-03,Tuesday
HOOD,2026-08-05,Wednesday
HOOD,2026-05-06,Wednesday
HOOD,2026-02-04,Wednesday
HOOD,2025-11-05,Wednesday
HOOD,2025-07-30,Wednesday
HOOD,2025-04-30,Wednesday
HOOD,2025-02-12,Wednesday
HOOD,2024-10-30,Wednesday
HOOD,2024-08-07,Wednesday
HOOD,2024-05-08,Wednesday
HOOD,2024-02-13,Tuesday
HOOD,2023-11-07,Tuesday
HOOD,2023-08-02,Wednesday
HOOD,2023-05-10,Wednesday
HOOD,2023-02-08,Wednesday
HOOD,2022-11-02,Wednesday
HOOD,2022-08-02,Tuesday
HOOD,2022-04-28,Thursday
HOOD,2022-01-27,Thursday
HOOD,2021-10-26,Tuesday
HOOD,2021-08-18,Wednesday
HPQ,2026-11-24,Tuesday
HPQ,2026-08-25,Tuesday
HPQ,2026-05-26,Tuesday
HPQ,2026-02-23,Monday
HPQ,2025-11-25,Tuesday
HPQ,2025-08-27,Wednesday
HPQ,2025-05-28,Wednesday
HPQ,2025-02-27,Thursday
HPQ,2024-11-26,Tuesday
HPQ,2024-08-28,Wednesday
HPQ,2024-05-29,Wednesday
HPQ,2024-02-28,Wednesday
HPQ,2023-11-21,Tuesday
HPQ,2023-08-29,Tuesday
HPQ,2023-05-30,Tuesday
HPQ,2023-02-28,Tuesday
HPQ,2022-11-22,Tuesday
HPQ,2022-08-30,Tuesday
HPQ,2022-05-31,Tuesday
HPQ,2022-02-28,Monday
HPQ,2021-11-23,Tuesday
HPQ,2021-08-26,Thursday
HPQ,2021-05-27,Thursday
HPQ,2021-02-25,Thursday
HUBS,2026-10-29,Thursday
HUBS,2026-07-31,Friday
HUBS,2026-05-04,Monday
HUBS,2026-02-03,Tuesday
HUBS,2025-11-05,Wednesday
HUBS,2025-08-06,Wednesday
HUBS,2025-05-08,Thursday
HUBS,2025-02-12,Wednesday
HUBS,2024-11-06,Wednesday
HUBS,2024-08-07,Wednesday
HUBS,2024-05-08,Wednesday
HUBS,2024-02-14,Wednesday
HUBS,2023-11-08,Wednesday
HUBS,2023-08-02,Wednesday
HUBS,2023-05-03,Wednesday
HUBS,2023-02-16,Thursday
HUBS,2022-11-02,Wednesday
HUBS,2022-08-04,Thursday
HUBS,2022-05-05,Thursday
HUBS,2022-02-10,Thursday
HUBS,2021-11-03,Wednesday
HUBS,2021-08-04,Wednesday
HUBS,2021-05-05,Wednesday
HUBS,2021-02-11,Thursday
INTC,2026-10-22,Thursday
INTC,2026-07-23,Thursday
INTC,2026-04-23,Thursday
INTC,2026-01-22,Thursday
INTC,2025-10-23,Thursday
INTC,2025-07-24,Thursday
INTC,2025-04-24,Thursday
INTC,2025-01-30,Thursday
INTC,2024-10-31,Thursday
INTC,2024-08-01,Thursday
INTC,2024-04-25,Thursday
INTC,2024-01-25,Thursday
INTC,2023-10-26,Thursday
INTC,2023-07-27,Thursday
INTC,2023-04-27,Thursday
INTC,2023-01-26,Thursday
INTC,2022-10-27,Thursday
INTC,2022-07-28,Thursday
INTC,2022-04-28,Thursday
INTC,2022-01-26,Wednesday
INTC,2021-10-21,Thursday
INTC,2021-07-22,Thursday
INTC,2021-04-22,Thursday
INTC,2021-01-21,Thursday
INTU,2026-11-16,Monday
INTU,2026-08-18,Tuesday
INTU,2026-05-20,Wednesday
INTU,2026-02-19,Thursday
INTU,2025-11-20,Thursday
INTU,2025-08-21,Thursday
INTU,2025-05-22,Thursday
INTU,2025-02-25,Tuesday
INTU,2024-11-21,Thursday
INTU,2024-08-22,Thursday
INTU,2024-05-23,Thursday
INTU,2024-02-22,Thursday
INTU,2023-11-28,Tuesday
INTU,2023-08-23,Wednesday
INTU,2023-05-23,Tuesday
INTU,2023-02-23,Thursday
INTU,2022-11-29,Tuesday
INTU,2022-08-23,Tuesday
INTU,2022-05-24,Tuesday
INTU,2022-02-24,Thursday
INTU,2021-11-18,Thursday
INTU,2021-08-24,Tuesday
INTU,2021-05-25,Tuesday
INTU,2021-02-23,Tuesday
IONQ,2026-11-20,Friday
IONQ,2026-08-21,Friday
IONQ,2026-05-18,Monday
IONQ,2026-02-04,Wednesday
IONQ,2025-11-05,Wednesday
IONQ,2025-08-06,Wednesday
IONQ,2025-05-07,Wednesday
IONQ,2025-02-26,Wednesday
IONQ,2024-11-06,Wednesday
IONQ,2024-08-07,Wednesday
IONQ,2024-05-08,Wednesday
IONQ,2024-02-28,Wednesday
IONQ,2023-11-08,Wednesday
IONQ,2023-08-10,Thursday
IONQ,2023-05-11,Thursday
IONQ,2023-03-30,Thursday
IONQ,2022-11-14,Monday
IONQ,2022-08-15,Monday
IONQ,2022-05-16,Monday
IONQ,2022-03-28,Monday
IONQ,2021-11-15,Monday
IREN,2026-10-07,Wednesday
IREN,2026-06-19,Friday
IREN,2026-02-26,Thursday
IREN,2025-11-06,Thursday
IREN,2025-08-28,Thursday
IREN,2025-05-14,Wednesday
IREN,2025-02-12,Wednesday
IREN,2024-11-26,Tuesday
IREN,2024-08-28,Wednesday
IREN,2024-05-15,Wednesday
IREN,2024-02-15,Thursday
IREN,2023-02-15,Wednesday
IREN,2023-02-14,Tuesday
IREN,2022-09-13,Tuesday
IREN,2022-05-11,Wednesday
IREN,2022-02-09,Wednesday
ISRG,2026-10-21,Wednesday
ISRG,2026-07-22,Wednesday
ISRG,2026-04-22,Wednesday
ISRG,2026-01-20,Tuesday
ISRG,2025-10-21,Tuesday
ISRG,2025-07-22,Tuesday
ISRG,2025-04-22,Tuesday
ISRG,2025-01-23,Thursday
ISRG,2024-10-17,Thursday
ISRG,2024-07-18,Thursday
ISRG,2024-04-18,Thursday
ISRG,2024-01-23,Tuesday
ISRG,2023-10-19,Thursday
ISRG,2023-07-20,Thursday
ISRG,2023-04-18,Tuesday
ISRG,2023-01-24,Tuesday
ISRG,2022-10-18,Tuesday
ISRG,2022-07-21,Thursday
ISRG,2022-04-21,Thursday
ISRG,2022-01-20,Thursday
ISRG,2021-10-19,Tuesday
ISRG,2021-07-20,Tuesday
ISRG,2021-04-20,Tuesday
ISRG,2021-01-21,Thursday
JOBY,2026-11-06,Friday
JOBY,2026-08-12,Wednesday
JOBY,2026-05-15,Friday
JOBY,2026-02-02,Monday
JOBY,2025-11-05,Wednesday
JOBY,2025-08-06,Wednesday
JOBY,2025-05-07,Wednesday
JOBY,2025-02-26,Wednesday
JOBY,2024-11-06,Wednesday
JOBY,2024-08-07,Wednesday
JOBY,2024-05-07,Tuesday
JOBY,2024-02-21,Wednesday
JOBY,2023-11-01,Wednesday
JOBY,2023-08-02,Wednesday
JOBY,2023-05-05,Friday
JOBY,2023-03-01,Wednesday
JOBY,2022-11-02,Wednesday
JOBY,2022-08-11,Thursday
JOBY,2022-05-13,Friday
JOBY,2022-03-28,Monday
JOBY,2021-11-15,Monday
JOBY,2021-10-29,Friday
KLAC,2026-10-26,Monday
KLAC,2026-07-27,Monday
KLAC,2026-04-27,Monday
KLAC,2026-01-27,Tuesday
KLAC,2025-10-29,Wednesday
KLAC,2025-07-31,Thursday
KLAC,2025-04-30,Wednesday
KLAC,2025-01-30,Thursday
KLAC,2024-10-30,Wednesday
KLAC,2024-07-24,Wednesday
KLAC,2024-04-25,Thursday
KLAC,2024-01-25,Thursday
KLAC,2023-10-25,Wednesday
KLAC,2023-07-27,Thursday
KLAC,2023-04-26,Wednesday
KLAC,2023-01-26,Thursday
KLAC,2022-10-26,Wednesday
KLAC,2022-07-28,Thursday
KLAC,2022-04-28,Thursday
KLAC,2022-01-27,Thursday
KLAC,2021-10-27,Wednesday
KLAC,2021-07-29,Thursday
KLAC,2021-04-29,Thursday
KLAC,2021-02-03,Wednesday
LIN,2026-11-03,Tuesday
LIN,2026-08-04,Tuesday
LIN,2026-05-05,Tuesday
LIN,2026-01-30,Friday
LIN,2025-10-31,Friday
LIN,2025-08-01,Friday
LIN,2025-05-01,Thursday
LIN,2025-02-06,Thursday
LIN,2024-10-31,Thursday
LIN,2024-08-02,Friday
LIN,2024-05-02,Thursday
LIN,2024-02-06,Tuesday
LIN,2023-10-26,Thursday
LIN,2023-07-27,Thursday
LIN,2023-04-27,Thursday
LIN,2023-02-07,Tuesday
LIN,2022-10-27,Thursday
LIN,2022-07-28,Thursday
LIN,2022-04-28,Thursday
LIN,2022-02-10,Thursday
LIN,2021-10-29,Friday
LIN,2021-07-30,Friday
LIN,2021-05-06,Thursday
LIN,2021-02-05,Friday
LLY,2026-10-30,Friday
LLY,2026-07-31,Friday
LLY,2026-05-01,Friday
LLY,2026-01-30,Friday
LLY,2025-10-30,Thursday
LLY,2025-08-07,Thursday
LLY,2025-05-01,Thursday
LLY,2025-02-06,Thursday
LLY,2024-10-30,Wednesday
LLY,2024-08-08,Thursday
LLY,2024-04-30,Tuesday
LLY,2024-02-06,Tuesday
LLY,2023-11-02,Thursday
LLY,2023-08-08,Tuesday
LLY,2023-04-27,Thursday
LLY,2023-02-02,Thursday
LLY,2022-11-01,Tuesday
LLY,2022-08-04,Thursday
LLY,2022-04-28,Thursday
LLY,2022-02-03,Thursday
LLY,2021-10-26,Tuesday
LLY,2021-08-03,Tuesday
LLY,2021-04-27,Tuesday
LLY,2021-01-29,Friday
LRCX,2026-10-09,Friday
LRCX,2026-07-14,Tuesday
LRCX,2026-04-17,Friday
LRCX,2026-01-19,Monday
LRCX,2025-10-22,Wednesday
LRCX,2025-07-30,Wednesday
LRCX,2025-04-23,Wednesday
LRCX,2025-01-29,Wednesday
LRCX,2024-10-23,Wednesday
LRCX,2024-07-31,Wednesday
LRCX,2024-04-24,Wednesday
LRCX,2024-01-24,Wednesday
LRCX,2023-10-18,Wednesday
LRCX,2023-07-26,Wednesday
LRCX,2023-04-19,Wednesday
LRCX,2023-01-25,Wednesday
LRCX,2022-10-19,Wednesday
LRCX,2022-07-27,Wednesday
LRCX,2022-04-20,Wednesday
LRCX,2022-01-26,Wednesday
LRCX,2021-10-20,Wednesday
LRCX,2021-07-28,Wednesday
LRCX,2021-04-21,Wednesday
LRCX,2021-01-27,Wednesday
MA,2026-10-29,Thursday
MA,2026-07-30,Thursday
MA,2026-04-30,Thursday
MA,2026-01-29,Thursday
MA,2025-10-30,Thursday
MA,2025-07-31,Thursday
MA,2025-05-01,Thursday
MA,2025-01-30,Thursday
MA,2024-10-31,Thursday
MA,2024-07-31,Wednesday
MA,2024-05-01,Wednesday
MA,2024-01-31,Wednesday
MA,2023-10-26,Thursday
MA,2023-07-27,Thursday
MA,2023-04-27,Thursday
MA,2023-01-26,Thursday
MA,2022-10-27,Thursday
MA,2022-07-28,Thursday
MA,2022-04-28,Thursday
MA,2022-01-27,Thursday
MA,2021-10-28,Thursday
MA,2021-07-29,Thursday
MA,2021-04-29,Thursday
MA,2021-01-28,Thursday
MCK,2026-11-04,Wednesday
MCK,2026-08-05,Wednesday
MCK,2026-05-06,Wednesday
MCK,2026-02-04,Wednesday
MCK,2025-11-05,Wednesday
MCK,2025-08-06,Wednesday
MCK,2025-05-08,Thursday
MCK,2025-02-05,Wednesday
MCK,2024-11-06,Wednesday
MCK,2024-08-07,Wednesday
MCK,2024-05-07,Tuesday
MCK,2024-02-07,Wednesday
MCK,2023-11-01,Wednesday
MCK,2023-08-02,Wednesday
MCK,2023-05-08,Monday
MCK,2023-02-01,Wednesday
MCK,2022-11-01,Tuesday
MCK,2022-08-03,Wednesday
MCK,2022-05-05,Thursday
MCK,2022-02-02,Wednesday
MCK,2021-11-01,Monday
MCK,2021-08-03,Tuesday
MCK,2021-05-06,Thursday
MCK,2021-02-02,Tuesday
MELI,2026-10-28,Wednesday
MELI,2026-07-31,Friday
MELI,2026-05-01,Friday
MELI,2026-01-23,Friday
MELI,2025-10-28,Tuesday
MELI,2025-08-04,Monday
MELI,2025-05-07,Wednesday
MELI,2025-02-20,Thursday
MELI,2024-11-06,Wednesday
MELI,2024-08-01,Thursday
MELI,2024-05-02,Thursday
MELI,2024-02-22,Thursday
MELI,2023-11-01,Wednesday
MELI,2023-08-02,Wednesday
MELI,2023-05-03,Wednesday
MELI,2023-02-23,Thursday
MELI,2022-11-03,Thursday
MELI,2022-08-03,Wednesday
MELI,2022-05-06,Friday
MELI,2022-02-22,Tuesday
MELI,2021-11-04,Thursday
MELI,2021-08-04,Wednesday
MELI,2021-05-05,Wednesday
MELI,2021-03-01,Monday
META,2026-10-26,Monday
META,2026-07-28,Tuesday
META,2026-04-29,Wednesday
META,2026-01-28,Wednesday
META,2025-10-29,Wednesday
META,2025-07-30,Wednesday
META,2025-04-30,Wednesday
META,2025-01-29,Wednesday
META,2024-10-30,Wednesday
META,2024-07-31,Wednesday
META,2024-04-24,Wednesday
META,2024-02-01,Thursday
META,2023-10-25,Wednesday
META,2023-07-26,Wednesday
META,2023-04-26,Wednesday
META,2023-02-01,Wednesday
META,2022-10-26,Wednesday
META,2022-07-27,Wednesday
META,2022-04-27,Wednesday
META,2022-02-02,Wednesday
META,2021-10-25,Monday
META,2021-07-28,Wednesday
META,2021-04-28,Wednesday
META,2021-01-27,Wednesday
MPWR,2026-11-02,Monday
MPWR,2026-08-04,Tuesday
MPWR,2026-05-06,Wednesday
MPWR,2026-01-29,Thursday
MPWR,2025-10-30,Thursday
MPWR,2025-07-31,Thursday
MPWR,2025-05-01,Thursday
MPWR,2025-02-06,Thursday
MPWR,2024-10-30,Wednesday
MPWR,2024-08-01,Thursday
MPWR,2024-05-01,Wednesday
MPWR,2024-02-07,Wednesday
MPWR,2023-10-30,Monday
MPWR,2023-07-31,Monday
MPWR,2023-05-04,Thursday
MPWR,2023-02-08,Wednesday
MPWR,2022-10-27,Thursday
MPWR,2022-08-01,Monday
MPWR,2022-05-02,Monday
MPWR,2022-02-10,Thursday
MPWR,2021-10-28,Thursday
MPWR,2021-07-27,Tuesday
MPWR,2021-05-04,Tuesday
MPWR,2021-02-04,Thursday
MRK,2026-10-29,Thursday
MRK,2026-07-30,Thursday
MRK,2026-04-30,Thursday
MRK,2026-01-29,Thursday
MRK,2025-10-30,Thursday
MRK,2025-07-29,Tuesday
MRK,2025-04-24,Thursday
MRK,2025-02-04,Tuesday
MRK,2024-10-31,Thursday
MRK,2024-07-30,Tuesday
MRK,2024-04-25,Thursday
MRK,2024-02-01,Thursday
MRK,2023-10-26,Thursday
MRK,2023-08-01,Tuesday
MRK,2023-04-27,Thursday
MRK,2023-02-02,Thursday
MRK,2022-10-27,Thursday
MRK,2022-07-28,Thursday
MRK,2022-04-28,Thursday
MRK,2022-02-03,Thursday
MRK,2021-10-28,Thursday
MRK,2021-07-29,Thursday
MRK,2021-04-29,Thursday
MRK,2021-02-04,Thursday
MRVL,2026-12-01,Tuesday
MRVL,2026-09-01,Tuesday
MRVL,2026-06-02,Tuesday
MRVL,2026-03-03,Tuesday
MRVL,2025-12-02,Tuesday
MRVL,2025-08-28,Thursday
MRVL,2025-05-29,Thursday
MRVL,2025-03-05,Wednesday
MRVL,2024-12-03,Tuesday
MRVL,2024-08-29,Thursday
MRVL,2024-05-30,Thursday
MRVL,2024-03-07,Thursday
MRVL,2023-11-30,Thursday
MRVL,2023-08-24,Thursday
MRVL,2023-05-25,Thursday
MRVL,2023-03-02,Thursday
MRVL,2022-12-01,Thursday
MRVL,2022-08-25,Thursday
MRVL,2022-05-26,Thursday
MRVL,2022-03-03,Thursday
MRVL,2021-12-02,Thursday
MRVL,2021-08-26,Thursday
MRVL,2021-06-07,Monday
MRVL,2021-03-03,Wednesday
MSFT,2026-10-28,Wednesday
MSFT,2026-07-29,Wednesday
MSFT,2026-04-29,Wednesday
MSFT,2026-01-28,Wednesday
MSFT,2025-10-29,Wednesday
MSFT,2025-07-30,Wednesday
MSFT,2025-04-30,Wednesday
MSFT,2025-01-29,Wednesday
MSFT,2024-10-30,Wednesday
MSFT,2024-07-30,Tuesday
MSFT,2024-04-25,Thursday
MSFT,2024-01-30,Tuesday
MSFT,2023-10-24,Tuesday
MSFT,2023-07-25,Tuesday
MSFT,2023-04-25,Tuesday
MSFT,2023-01-24,Tuesday
MSFT,2022-10-25,Tuesday
MSFT,2022-07-26,Tuesday
MSFT,2022-04-26,Tuesday
MSFT,2022-01-25,Tuesday
MSFT,2021-10-26,Tuesday
MSFT,2021-07-27,Tuesday
MSFT,2021-04-27,Tuesday
MSFT,2021-01-26,Tuesday
MU,2026-12-14,Monday
MU,2026-09-14,Monday
MU,2026-06-15,Monday
MU,2026-03-16,Monday
MU,2025-12-17,Wednesday
MU,2025-09-23,Tuesday
MU,2025-06-25,Wednesday
MU,2025-03-20,Thursday
MU,2024-12-18,Wednesday
MU,2024-09-25,Wednesday
MU,2024-06-26,Wednesday
MU,2024-03-20,Wednesday
MU,2023-12-20,Wednesday
MU,2023-09-27,Wednesday
MU,2023-06-28,Wednesday
MU,2023-03-28,Tuesday
MU,2022-12-21,Wednesday
MU,2022-09-29,Thursday
MU,2022-06-30,Thursday
MU,2022-03-29,Tuesday
MU,2021-12-20,Monday
MU,2021-09-28,Tuesday
MU,2021-06-30,Wednesday
MU,2021-03-31,Wednesday
MU,2021-01-07,Thursday
NBIS,2026-11-06,Friday
NBIS,2026-07-09,Thursday
NBIS,2026-03-11,Wednesday
NBIS,2025-11-11,Tuesday
NBIS,2025-08-07,Thursday
NBIS,2025-05-20,Tuesday
NBIS,2025-02-20,Thursday
NBIS,2022-11-03,Thursday
NBIS,2022-04-27,Wednesday
NBIS,2022-02-15,Tuesday
NBIS,2021-10-27,Wednesday
NBIS,2021-07-28,Wednesday
NBIS,2021-04-28,Wednesday
NBIS,2021-02-16,Tuesday
NFLX,2026-10-19,Monday
NFLX,2026-07-20,Monday
NFLX,2026-04-21,Tuesday
NFLX,2026-01-20,Tuesday
NFLX,2025-10-21,Tuesday
NFLX,2025-07-17,Thursday
NFLX,2025-04-17,Thursday
NFLX,2025-01-21,Tuesday
NFLX,2024-10-17,Thursday
NFLX,2024-07-18,Thursday
NFLX,2024-04-18,Thursday
NFLX,2024-01-23,Tuesday
NFLX,2023-10-18,Wednesday
NFLX,2023-07-19,Wednesday
NFLX,2023-04-18,Tuesday
NFLX,2023-01-19,Thursday
NFLX,2022-10-18,Tuesday
NFLX,2022-07-19,Tuesday
NFLX,2022-04-19,Tuesday
NFLX,2022-01-20,Thursday
NFLX,2021-10-19,Tuesday
NFLX,2021-07-20,Tuesday
NFLX,2021-04-20,Tuesday
NFLX,2021-01-19,Tuesday
NOW,2026-10-28,Wednesday
NOW,2026-07-29,Wednesday
NOW,2026-04-29,Wednesday
NOW,2026-01-28,Wednesday
NOW,2025-10-29,Wednesday
NOW,2025-07-23,Wednesday
NOW,2025-04-23,Wednesday
NOW,2025-01-29,Wednesday
NOW,2024-10-23,Wednesday
NOW,2024-07-24,Wednesday
NOW,2024-04-24,Wednesday
NOW,2024-01-24,Wednesday
NOW,2023-10-25,Wednesday
NOW,2023-07-26,Wednesday
NOW,2023-04-26,Wednesday
NOW,2023-01-25,Wednesday
NOW,2022-10-26,Wednesday
NOW,2022-07-27,Wednesday
NOW,2022-04-27,Wednesday
NOW,2022-01-26,Wednesday
NOW,2021-10-27,Wednesday
NOW,2021-07-28,Wednesday
NOW,2021-04-28,Wednesday
NOW,2021-01-27,Wednesday
NSC,2026-10-22,Thursday
NSC,2026-07-23,Thursday
NSC,2026-04-23,Thursday
NSC,2026-01-22,Thursday
NSC,2025-10-23,Thursday
NSC,2025-07-29,Tuesday
NSC,2025-04-23,Wednesday
NSC,2025-01-29,Wednesday
NSC,2024-10-22,Tuesday
NSC,2024-07-25,Thursday
NSC,2024-04-24,Wednesday
NSC,2024-01-26,Friday
NSC,2023-10-25,Wednesday
NSC,2023-07-27,Thursday
NSC,2023-04-26,Wednesday
NSC,2023-01-25,Wednesday
NSC,2022-10-26,Wednesday
NSC,2022-07-27,Wednesday
NSC,2022-04-27,Wednesday
NSC,2022-01-26,Wednesday
NSC,2021-10-27,Wednesday
NSC,2021-07-28,Wednesday
NSC,2021-04-28,Wednesday
NSC,2021-01-27,Wednesday
NVDA,2026-11-16,Monday
NVDA,2026-08-17,Monday
NVDA,2026-05-19,Tuesday
NVDA,2026-02-17,Tuesday
NVDA,2025-11-19,Wednesday
NVDA,2025-08-27,Wednesday
NVDA,2025-05-28,Wednesday
NVDA,2025-02-26,Wednesday
NVDA,2024-11-20,Wednesday
NVDA,2024-08-28,Wednesday
NVDA,2024-05-22,Wednesday
NVDA,2024-02-21,Wednesday
NVDA,2023-11-21,Tuesday
NVDA,2023-08-23,Wednesday
NVDA,2023-05-24,Wednesday
NVDA,2023-02-22,Wednesday
NVDA,2022-11-16,Wednesday
NVDA,2022-08-24,Wednesday
NVDA,2022-05-25,Wednesday
NVDA,2022-02-16,Wednesday
NVDA,2021-11-17,Wednesday
NVDA,2021-08-18,Wednesday
NVDA,2021-05-26,Wednesday
NVDA,2021-02-24,Wednesday
ORCL,2026-12-09,Wednesday
ORCL,2026-09-09,Wednesday
ORCL,2026-06-10,Wednesday
ORCL,2026-03-11,Wednesday
ORCL,2025-12-10,Wednesday
ORCL,2025-09-09,Tuesday
ORCL,2025-06-11,Wednesday
ORCL,2025-03-10,Monday
ORCL,2024-12-09,Monday
ORCL,2024-09-09,Monday
ORCL,2024-06-11,Tuesday
ORCL,2024-03-11,Monday
ORCL,2023-12-11,Monday
ORCL,2023-09-11,Monday
ORCL,2023-06-12,Monday
ORCL,2023-03-09,Thursday
ORCL,2022-12-12,Monday
ORCL,2022-09-12,Monday
ORCL,2022-06-13,Monday
ORCL,2022-03-10,Thursday
ORCL,2021-12-09,Thursday
ORCL,2021-09-13,Monday
ORCL,2021-06-15,Tuesday
ORCL,2021-03-10,Wednesday
PANW,2026-11-16,Monday
PANW,2026-08-17,Monday
PANW,2026-05-18,Monday
PANW,2026-02-17,Tuesday
PANW,2025-11-19,Wednesday
PANW,2025-08-18,Monday
PANW,2025-05-20,Tuesday
PANW,2025-02-13,Thursday
PANW,2024-11-20,Wednesday
PANW,2024-08-19,Monday
PANW,2024-05-20,Monday
PANW,2024-02-20,Tuesday
PANW,2023-11-15,Wednesday
PANW,2023-08-18,Friday
PANW,2023-05-23,Tuesday
PANW,2023-02-21,Tuesday
PANW,2022-11-17,Thursday
PANW,2022-08-22,Monday
PANW,2022-05-19,Thursday
PANW,2022-02-22,Tuesday
PANW,2021-11-18,Thursday
PANW,2021-08-23,Monday
PANW,2021-05-20,Thursday
PANW,2021-02-22,Monday
PAYX,2026-12-15,Tuesday
PAYX,2026-09-16,Wednesday
PAYX,2026-06-18,Thursday
PAYX,2026-03-19,Thursday
PAYX,2025-12-19,Friday
PAYX,2025-09-30,Tuesday
PAYX,2025-06-25,Wednesday
PAYX,2025-03-26,Wednesday
PAYX,2024-12-19,Thursday
PAYX,2024-10-01,Tuesday
PAYX,2024-06-26,Wednesday
PAYX,2024-04-02,Tuesday
PAYX,2023-12-21,Thursday
PAYX,2023-09-27,Wednesday
PAYX,2023-06-29,Thursday
PAYX,2023-03-29,Wednesday
PAYX,2022-12-22,Thursday
PAYX,2022-09-28,Wednesday
PAYX,2022-06-29,Wednesday
PAYX,2022-03-30,Wednesday
PAYX,2021-12-22,Wednesday
PAYX,2021-09-30,Thursday
PAYX,2021-06-25,Friday
PAYX,2021-04-06,Tuesday
PCTY,2026-11-03,Tuesday
PCTY,2026-08-04,Tuesday
PCTY,2026-05-05,Tuesday
PCTY,2026-02-03,Tuesday
PCTY,2025-11-04,Tuesday
PCTY,2025-08-05,Tuesday
PCTY,2025-05-01,Thursday
PCTY,2025-02-06,Thursday
PCTY,2024-10-30,Wednesday
PCTY,2024-08-01,Thursday
PCTY,2024-05-02,Thursday
PCTY,2024-02-08,Thursday
PCTY,2023-11-02,Thursday
PCTY,2023-08-03,Thursday
PCTY,2023-05-04,Thursday
PCTY,2023-02-02,Thursday
PCTY,2022-11-03,Thursday
PCTY,2022-08-04,Thursday
PCTY,2022-05-05,Thursday
PCTY,2022-02-03,Thursday
PCTY,2021-11-04,Thursday
PCTY,2021-08-05,Thursday
PCTY,2021-05-06,Thursday
PCTY,2021-02-04,Thursday
PLTR,2026-11-02,Monday
PLTR,2026-08-03,Monday
PLTR,2026-05-05,Tuesday
PLTR,2026-02-02,Monday
PLTR,2025-11-03,Monday
PLTR,2025-08-04,Monday
PLTR,2025-05-05,Monday
PLTR,2025-02-03,Monday
PLTR,2024-11-04,Monday
PLTR,2024-08-05,Monday
PLTR,2024-05-06,Monday
PLTR,2024-02-05,Monday
PLTR,2023-11-02,Thursday
PLTR,2023-08-07,Monday
PLTR,2023-05-08,Monday
PLTR,2023-02-13,Monday
PLTR,2022-11-07,Monday
PLTR,2022-08-08,Monday
PLTR,2022-05-09,Monday
PLTR,2022-02-17,Thursday
PLTR,2021-11-09,Tuesday
PLTR,2021-08-12,Thursday
PLTR,2021-05-11,Tuesday
PLTR,2021-02-16,Tuesday
POOL,2026-11-03,Tuesday
POOL,2026-08-04,Tuesday
POOL,2026-05-08,Friday
POOL,2026-01-22,Thursday
POOL,2025-10-23,Thursday
POOL,2025-07-24,Thursday
POOL,2025-04-24,Thursday
POOL,2025-02-20,Thursday
POOL,2024-10-24,Thursday
POOL,2024-07-25,Thursday
POOL,2024-04-25,Thursday
POOL,2024-02-22,Thursday
POOL,2023-10-19,Thursday
POOL,2023-07-20,Thursday
POOL,2023-04-20,Thursday
POOL,2023-02-16,Thursday
POOL,2022-10-20,Thursday
POOL,2022-07-21,Thursday
POOL,2022-04-21,Thursday
POOL,2022-02-17,Thursday
POOL,2021-10-21,Thursday
POOL,2021-07-22,Thursday
POOL,2021-04-22,Thursday
POOL,2021-02-11,Thursday
PWR,2026-11-11,Wednesday
PWR,2026-08-12,Wednesday
PWR,2026-05-13,Wednesday
PWR,2026-01-29,Thursday
PWR,2025-10-30,Thursday
PWR,2025-07-31,Thursday
PWR,2025-05-01,Thursday
PWR,2025-02-20,Thursday
PWR,2024-10-31,Thursday
PWR,2024-08-01,Thursday
PWR,2024-05-02,Thursday
PWR,2024-02-22,Thursday
PWR,2023-11-02,Thursday
PWR,2023-08-03,Thursday
PWR,2023-05-04,Thursday
PWR,2023-02-23,Thursday
PWR,2022-11-03,Thursday
PWR,2022-08-04,Thursday
PWR,2022-05-05,Thursday
PWR,2022-02-24,Thursday
PWR,2021-11-04,Thursday
PWR,2021-08-05,Thursday
PWR,2021-05-06,Thursday
PWR,2021-02-25,Thursday
REGN,2026-10-26,Monday
REGN,2026-07-27,Monday
REGN,2026-04-27,Monday
REGN,2026-01-26,Monday
REGN,2025-10-28,Tuesday
REGN,2025-08-01,Friday
REGN,2025-04-29,Tuesday
REGN,2025-02-04,Tuesday
REGN,2024-10-31,Thursday
REGN,2024-08-01,Thursday
REGN,2024-05-02,Thursday
REGN,2024-02-02,Friday
REGN,2023-11-02,Thursday
REGN,2023-08-03,Thursday
REGN,2023-05-04,Thursday
REGN,2023-02-03,Friday
REGN,2022-11-03,Thursday
REGN,2022-08-03,Wednesday
REGN,2022-05-04,Wednesday
REGN,2022-02-04,Friday
REGN,2021-11-04,Thursday
REGN,2021-08-05,Thursday
REGN,2021-05-06,Thursday
REGN,2021-02-05,Friday
RTX,2026-10-20,Tuesday
RTX,2026-07-21,Tuesday
RTX,2026-04-21,Tuesday
RTX,2026-01-20,Tuesday
RTX,2025-10-21,Tuesday
RTX,2025-07-22,Tuesday
RTX,2025-04-22,Tuesday
RTX,2025-01-28,Tuesday
RTX,2024-10-22,Tuesday
RTX,2024-07-25,Thursday
RTX,2024-04-23,Tuesday
RTX,2024-01-23,Tuesday
RTX,2023-10-24,Tuesday
RTX,2023-07-25,Tuesday
RTX,2023-04-25,Tuesday
RTX,2023-01-24,Tuesday
RTX,2022-10-25,Tuesday
RTX,2022-07-26,Tuesday
RTX,2022-04-26,Tuesday
RTX,2022-01-25,Tuesday
RTX,2021-10-26,Tuesday
RTX,2021-07-27,Tuesday
RTX,2021-04-27,Tuesday
RTX,2021-01-26,Tuesday
SERV,2026-11-20,Friday
SERV,2026-08-24,Monday
SERV,2026-05-21,Thursday
SERV,2026-02-11,Wednesday
SERV,2025-11-12,Wednesday
SERV,2025-08-07,Thursday
SERV,2025-05-08,Thursday
SERV,2025-03-06,Thursday
SERV,2024-11-07,Thursday
SERV,2024-08-13,Tuesday
SHOP,2026-11-05,Thursday
SHOP,2026-08-06,Thursday
SHOP,2026-05-07,Thursday
SHOP,2026-02-03,Tuesday
SHOP,2025-11-04,Tuesday
SHOP,2025-08-06,Wednesday
SHOP,2025-05-08,Thursday
SHOP,2025-02-11,Tuesday
SHOP,2024-11-12,Tuesday
SHOP,2024-08-07,Wednesday
SHOP,2024-05-08,Wednesday
SHOP,2024-02-13,Tuesday
SHOP,2023-11-02,Thursday
SHOP,2023-08-02,Wednesday
SHOP,2023-05-04,Thursday
SHOP,2023-02-15,Wednesday
SHOP,2022-10-27,Thursday
SHOP,2022-07-27,Wednesday
SHOP,2022-05-05,Thursday
SHOP,2022-02-16,Wednesday
SHOP,2021-10-28,Thursday
SHOP,2021-07-28,Wednesday
SHOP,2021-04-28,Wednesday
SHOP,2021-02-17,Wednesday
SNOW,2026-11-30,Monday
SNOW,2026-08-31,Monday
SNOW,2026-06-02,Tuesday
SNOW,2026-03-04,Wednesday
SNOW,2025-12-03,Wednesday
SNOW,2025-08-27,Wednesday
SNOW,2025-05-21,Wednesday
SNOW,2025-02-26,Wednesday
SNOW,2024-11-20,Wednesday
SNOW,2024-08-21,Wednesday
SNOW,2024-05-22,Wednesday
SNOW,2024-02-28,Wednesday
SNOW,2023-11-29,Wednesday
SNOW,2023-08-23,Wednesday
SNOW,2023-05-24,Wednesday
SNOW,2023-03-01,Wednesday
SNOW,2022-11-30,Wednesday
SNOW,2022-08-24,Wednesday
SNOW,2022-05-25,Wednesday
SNOW,2022-03-02,Wednesday
SNOW,2021-12-01,Wednesday
SNOW,2021-08-25,Wednesday
SNOW,2021-05-26,Wednesday
SNOW,2021-03-03,Wednesday
SOFI,2026-10-26,Monday
SOFI,2026-07-27,Monday
SOFI,2026-04-27,Monday
SOFI,2026-01-26,Monday
SOFI,2025-10-28,Tuesday
SOFI,2025-07-29,Tuesday
SOFI,2025-04-29,Tuesday
SOFI,2025-01-27,Monday
SOFI,2024-10-29,Tuesday
SOFI,2024-07-30,Tuesday
SOFI,2024-04-29,Monday
SOFI,2024-01-29,Monday
SOFI,2023-10-30,Monday
SOFI,2023-07-31,Monday
SOFI,2023-05-01,Monday
SOFI,2023-01-30,Monday
SOFI,2022-11-01,Tuesday
SOFI,2022-08-02,Tuesday
SOFI,2022-05-10,Tuesday
SOFI,2022-03-01,Tuesday
SOFI,2021-11-10,Wednesday
SOFI,2021-08-12,Thursday
SOUN,2026-11-17,Tuesday
SOUN,2026-08-18,Tuesday
SOUN,2026-05-14,Thursday
SOUN,2026-02-05,Thursday
SOUN,2025-11-06,Thursday
SOUN,2025-08-07,Thursday
SOUN,2025-05-08,Thursday
SOUN,2025-02-27,Thursday
SOUN,2024-11-12,Tuesday
SOUN,2024-08-08,Thursday
SOUN,2024-05-09,Thursday
SOUN,2024-02-29,Thursday
SOUN,2023-11-15,Wednesday
SOUN,2023-08-08,Tuesday
SOUN,2023-05-11,Thursday
SOUN,2023-03-07,Tuesday
SOUN,2022-11-10,Thursday
SOUN,2022-08-11,Thursday
TEAM,2026-10-26,Monday
TEAM,2026-07-28,Tuesday
TEAM,2026-04-29,Wednesday
TEAM,2026-01-29,Thursday
TEAM,2025-10-30,Thursday
TEAM,2025-08-07,Thursday
TEAM,2025-05-01,Thursday
TEAM,2025-01-30,Thursday
TEAM,2024-10-31,Thursday
TEAM,2024-08-01,Thursday
TEAM,2024-04-24,Wednesday
TEAM,2024-01-31,Wednesday
TEAM,2023-11-02,Thursday
TEAM,2023-08-03,Thursday
TEAM,2023-05-04,Thursday
TEAM,2023-02-02,Thursday
TEAM,2022-11-03,Thursday
TEAM,2022-08-04,Thursday
TEAM,2022-04-28,Thursday
TEAM,2022-01-27,Thursday
TEAM,2021-10-28,Thursday
TEAM,2021-07-29,Thursday
TEAM,2021-04-29,Thursday
TEAM,2021-01-28,Thursday
TMO,2026-10-26,Monday
TMO,2026-07-27,Monday
TMO,2026-04-27,Monday
TMO,2026-01-21,Wednesday
TMO,2025-10-22,Wednesday
TMO,2025-07-23,Wednesday
TMO,2025-04-23,Wednesday
TMO,2025-01-30,Thursday
TMO,2024-10-23,Wednesday
TMO,2024-07-24,Wednesday
TMO,2024-04-24,Wednesday
TMO,2024-01-31,Wednesday
TMO,2023-10-25,Wednesday
TMO,2023-07-26,Wednesday
TMO,2023-04-26,Wednesday
TMO,2023-02-01,Wednesday
TMO,2022-10-26,Wednesday
TMO,2022-07-28,Thursday
TMO,2022-04-28,Thursday
TMO,2022-02-02,Wednesday
TMO,2021-10-27,Wednesday
TMO,2021-07-28,Wednesday
TMO,2021-04-29,Thursday
TMO,2021-02-01,Monday
TMUS,2026-10-22,Thursday
TMUS,2026-07-23,Thursday
TMUS,2026-04-23,Thursday
TMUS,2026-01-22,Thursday
TMUS,2025-10-23,Thursday
TMUS,2025-07-23,Wednesday
TMUS,2025-04-24,Thursday
TMUS,2025-01-29,Wednesday
TMUS,2024-10-23,Wednesday
TMUS,2024-07-31,Wednesday
TMUS,2024-04-26,Friday
TMUS,2024-01-25,Thursday
TMUS,2023-10-25,Wednesday
TMUS,2023-07-27,Thursday
TMUS,2023-04-27,Thursday
TMUS,2023-02-01,Wednesday
TMUS,2022-10-27,Thursday
TMUS,2022-07-27,Wednesday
TMUS,2022-04-27,Wednesday
TMUS,2022-02-01,Tuesday
TMUS,2021-11-02,Tuesday
TMUS,2021-07-29,Thursday
TMUS,2021-05-04,Tuesday
TMUS,2021-02-04,Thursday
TSLA,2026-10-26,Monday
TSLA,2026-07-27,Monday
TSLA,2026-04-27,Monday
TSLA,2026-01-21,Wednesday
TSLA,2025-10-22,Wednesday
TSLA,2025-07-23,Wednesday
TSLA,2025-04-22,Tuesday
TSLA,2025-01-29,Wednesday
TSLA,2024-10-23,Wednesday
TSLA,2024-07-23,Tuesday
TSLA,2024-04-23,Tuesday
TSLA,2024-01-24,Wednesday
TSLA,2023-10-18,Wednesday
TSLA,2023-07-19,Wednesday
TSLA,2023-04-19,Wednesday
TSLA,2023-01-25,Wednesday
TSLA,2022-10-19,Wednesday
TSLA,2022-07-20,Wednesday
TSLA,2022-04-20,Wednesday
TSLA,2022-01-26,Wednesday
TSLA,2021-10-20,Wednesday
TSLA,2021-07-26,Monday
TSLA,2021-04-26,Monday
TSLA,2021-01-27,Wednesday
TTD,2026-11-11,Wednesday
TTD,2026-08-12,Wednesday
TTD,2026-05-11,Monday
TTD,2026-02-05,Thursday
TTD,2025-11-06,Thursday
TTD,2025-08-07,Thursday
TTD,2025-05-08,Thursday
TTD,2025-02-12,Wednesday
TTD,2024-11-07,Thursday
TTD,2024-08-08,Thursday
TTD,2024-05-08,Wednesday
TTD,2024-02-15,Thursday
TTD,2023-11-09,Thursday
TTD,2023-08-09,Wednesday
TTD,2023-05-10,Wednesday
TTD,2023-02-15,Wednesday
TTD,2022-11-09,Wednesday
TTD,2022-08-09,Tuesday
TTD,2022-05-10,Tuesday
TTD,2022-02-16,Wednesday
TTD,2021-11-08,Monday
TTD,2021-08-09,Monday
TTD,2021-05-10,Monday
TTD,2021-02-18,Thursday
TXN,2026-10-20,Tuesday
TXN,2026-07-21,Tuesday
TXN,2026-04-21,Tuesday
TXN,2026-01-20,Tuesday
TXN,2025-10-21,Tuesday
TXN,2025-07-22,Tuesday
TXN,2025-04-23,Wednesday
TXN,2025-01-23,Thursday
TXN,2024-10-22,Tuesday
TXN,2024-07-23,Tuesday
TXN,2024-04-23,Tuesday
TXN,2024-01-23,Tuesday
TXN,2023-10-24,Tuesday
TXN,2023-07-25,Tuesday
TXN,2023-04-25,Tuesday
TXN,2023-01-24,Tuesday
TXN,2022-10-25,Tuesday
TXN,2022-07-26,Tuesday
TXN,2022-04-26,Tuesday
TXN,2022-01-25,Tuesday
TXN,2021-10-26,Tuesday
TXN,2021-07-21,Wednesday
TXN,2021-04-27,Tuesday
TXN,2021-01-26,Tuesday
TYL,2026-11-09,Monday
TYL,2026-08-10,Monday
TYL,2026-05-08,Friday
TYL,2026-01-28,Wednesday
TYL,2025-10-29,Wednesday
TYL,2025-07-30,Wednesday
TYL,2025-04-23,Wednesday
TYL,2025-02-12,Wednesday
TYL,2024-10-23,Wednesday
TYL,2024-07-24,Wednesday
TYL,2024-04-24,Wednesday
TYL,2024-02-14,Wednesday
TYL,2023-11-01,Wednesday
TYL,2023-07-26,Wednesday
TYL,2023-04-26,Wednesday
TYL,2023-02-15,Wednesday
TYL,2022-10-26,Wednesday
TYL,2022-07-27,Wednesday
TYL,2022-04-27,Wednesday
TYL,2022-02-16,Wednesday
TYL,2021-10-27,Wednesday
TYL,2021-07-28,Wednesday
TYL,2021-04-28,Wednesday
TYL,2021-02-10,Wednesday
UI,2026-11-03,Tuesday
UI,2026-07-29,Wednesday
UI,2026-04-29,Wednesday
UI,2026-01-28,Wednesday
UI,2025-11-07,Friday
UI,2025-08-22,Friday
UI,2025-05-09,Friday
UI,2025-02-07,Friday
UI,2024-11-08,Friday
UI,2024-08-23,Friday
UI,2024-05-10,Friday
UI,2024-02-09,Friday
UI,2023-11-03,Friday
UI,2023-08-25,Friday
UI,2023-05-05,Friday
UI,2023-02-03,Friday
UI,2022-11-04,Friday
UI,2022-08-26,Friday
UI,2022-05-06,Friday
UI,2022-02-04,Friday
UI,2021-11-05,Friday
UI,2021-08-27,Friday
UI,2021-05-07,Friday
UI,2021-02-05,Friday
UNH,2026-10-27,Tuesday
UNH,2026-07-28,Tuesday
UNH,2026-04-28,Tuesday
UNH,2026-01-27,Tuesday
UNH,2025-10-28,Tuesday
UNH,2025-07-29,Tuesday
UNH,2025-04-17,Thursday
UNH,2025-01-16,Thursday
UNH,2024-10-15,Tuesday
UNH,2024-07-16,Tuesday
UNH,2024-04-16,Tuesday
UNH,2024-01-12,Friday
UNH,2023-10-13,Friday
UNH,2023-07-14,Friday
UNH,2023-04-14,Friday
UNH,2023-01-13,Friday
UNH,2022-10-14,Friday
UNH,2022-07-15,Friday
UNH,2022-04-14,Thursday
UNH,2022-01-19,Wednesday
UNH,2021-10-14,Thursday
UNH,2021-07-15,Thursday
UNH,2021-04-15,Thursday
UNH,2021-01-20,Wednesday
UPST,2026-11-09,Monday
UPST,2026-08-10,Monday
UPST,2026-05-08,Friday
UPST,2026-02-03,Tuesday
UPST,2025-11-04,Tuesday
UPST,2025-08-05,Tuesday
UPST,2025-05-06,Tuesday
UPST,2025-02-11,Tuesday
UPST,2024-11-07,Thursday
UPST,2024-08-06,Tuesday
UPST,2024-05-07,Tuesday
UPST,2024-02-13,Tuesday
UPST,2023-11-07,Tuesday
UPST,2023-08-08,Tuesday
UPST,2023-05-09,Tuesday
UPST,2023-02-14,Tuesday
UPST,2022-11-08,Tuesday
UPST,2022-08-08,Monday
UPST,2022-05-09,Monday
UPST,2022-02-15,Tuesday
UPST,2021-11-09,Tuesday
UPST,2021-08-10,Tuesday
UPST,2021-05-11,Tuesday
UPST,2021-03-17,Wednesday
V,2026-10-26,Monday
V,2026-07-27,Monday
V,2026-04-28,Tuesday
V,2026-01-27,Tuesday
V,2025-10-28,Tuesday
V,2025-07-29,Tuesday
V,2025-04-29,Tuesday
V,2025-01-30,Thursday
V,2024-10-29,Tuesday
V,2024-07-23,Tuesday
V,2024-04-23,Tuesday
V,2024-01-25,Thursday
V,2023-10-24,Tuesday
V,2023-07-25,Tuesday
V,2023-04-25,Tuesday
V,2023-01-26,Thursday
V,2022-10-25,Tuesday
V,2022-07-26,Tuesday
V,2022-04-26,Tuesday
V,2022-01-27,Thursday
V,2021-10-26,Tuesday
V,2021-07-27,Tuesday
V,2021-04-27,Tuesday
V,2021-01-28,Thursday
VEEV,2026-11-19,Thursday
VEEV,2026-08-20,Thursday
VEEV,2026-05-21,Thursday
VEEV,2026-02-19,Thursday
VEEV,2025-11-20,Thursday
VEEV,2025-08-27,Wednesday
VEEV,2025-05-28,Wednesday
VEEV,2025-03-05,Wednesday
VEEV,2024-12-05,Thursday
VEEV,2024-08-28,Wednesday
VEEV,2024-05-30,Thursday
VEEV,2024-02-29,Thursday
VEEV,2023-12-06,Wednesday
VEEV,2023-08-30,Wednesday
VEEV,2023-05-31,Wednesday
VEEV,2023-03-01,Wednesday
VEEV,2022-12-01,Thursday
VEEV,2022-08-31,Wednesday
VEEV,2022-06-01,Wednesday
VEEV,2022-03-02,Wednesday
VEEV,2021-12-01,Wednesday
VEEV,2021-09-01,Wednesday
VEEV,2021-05-27,Thursday
VEEV,2021-03-02,Tuesday
VRT,2026-11-02,Monday
VRT,2026-08-03,Monday
VRT,2026-04-29,Wednesday
VRT,2026-01-20,Tuesday
VRT,2025-10-22,Wednesday
VRT,2025-07-30,Wednesday
VRT,2025-04-23,Wednesday
VRT,2025-02-12,Wednesday
VRT,2024-10-23,Wednesday
VRT,2024-07-24,Wednesday
VRT,2024-04-24,Wednesday
VRT,2024-02-21,Wednesday
VRT,2023-10-25,Wednesday
VRT,2023-08-02,Wednesday
VRT,2023-04-26,Wednesday
VRT,2023-02-22,Wednesday
VRT,2022-10-26,Wednesday
VRT,2022-08-03,Wednesday
VRT,2022-04-27,Wednesday
VRT,2022-02-23,Wednesday
VRT,2021-10-27,Wednesday
VRT,2021-07-28,Wednesday
VRT,2021-04-28,Wednesday
VRT,2021-02-24,Wednesday
WAT,2026-11-02,Monday
WAT,2026-08-04,Tuesday
WAT,2026-05-05,Tuesday
WAT,2026-02-03,Tuesday
WAT,2025-11-04,Tuesday
WAT,2025-08-04,Monday
WAT,2025-05-06,Tuesday
WAT,2025-02-12,Wednesday
WAT,2024-11-01,Friday
WAT,2024-07-31,Wednesday
WAT,2024-05-07,Tuesday
WAT,2024-02-06,Tuesday
WAT,2023-11-07,Tuesday
WAT,2023-08-02,Wednesday
WAT,2023-05-09,Tuesday
WAT,2023-02-15,Wednesday
WAT,2022-11-01,Tuesday
WAT,2022-08-02,Tuesday
WAT,2022-05-03,Tuesday
WAT,2022-02-01,Tuesday
WAT,2021-11-02,Tuesday
WAT,2021-08-03,Tuesday
WAT,2021-05-05,Wednesday
WAT,2021-02-02,Tuesday
WM,2026-10-26,Monday
WM,2026-07-27,Monday
WM,2026-04-27,Monday
WM,2026-01-26,Monday
WM,2025-10-27,Monday
WM,2025-07-28,Monday
WM,2025-04-28,Monday
WM,2025-01-29,Wednesday
WM,2024-10-28,Monday
WM,2024-07-24,Wednesday
WM,2024-04-24,Wednesday
WM,2024-02-12,Monday
WM,2023-10-24,Tuesday
WM,2023-07-25,Tuesday
WM,2023-04-26,Wednesday
WM,2023-01-31,Tuesday
WM,2022-10-26,Wednesday
WM,2022-07-27,Wednesday
WM,2022-04-26,Tuesday
WM,2022-02-02,Wednesday
WM,2021-10-26,Tuesday
WM,2021-07-27,Tuesday
WM,2021-04-27,Tuesday
WM,2021-02-18,Thursday
ZS,2026-11-23,Monday
ZS,2026-08-24,Monday
ZS,2026-05-25,Monday
ZS,2026-02-23,Monday
ZS,2025-11-25,Tuesday
ZS,2025-09-02,Tuesday
ZS,2025-05-29,Thursday
ZS,2025-03-05,Wednesday
ZS,2024-12-02,Monday
ZS,2024-09-03,Tuesday
ZS,2024-05-30,Thursday
ZS,2024-02-29,Thursday
ZS,2023-11-27,Monday
ZS,2023-09-05,Tuesday
ZS,2023-06-01,Thursday
ZS,2023-03-02,Thursday
ZS,2022-12-01,Thursday
ZS,2022-09-08,Thursday
ZS,2022-05-26,Thursday
ZS,2022-02-24,Thursday
ZS,2021-11-30,Tuesday
ZS,2021-09-09,Thursday
ZS,2021-05-25,Tuesday
ZS,2021-02-25,Thursday
